source_title,reviewed_as,reason
"File:Dülmen, Hausdülmen, Heubach -- 2020 -- 7984.jpg",query_07.jpg,kiem duyet thu cong: khong dat tieu chi (tan bi cat / cay qua nho / nhieu cay / can canh / vat the khac)
"File:Samburu National Reserve landscape with solitary acacia and distant mountain, Kenya.jpg",query_10.jpg,kiem duyet thu cong: khong dat tieu chi (tan bi cat / cay qua nho / nhieu cay / can canh / vat the khac)
File:20110117Alte Kriegbachbruecke Neulussheim1.jpg,tree_0001.jpg,kiem duyet thu cong: khong dat tieu chi (tan bi cat / cay qua nho / nhieu cay / can canh / vat the khac)
"File:2012-04-22 19-33-46 Switzerland Kanton Schaffhausen Dörflingen, Hinterdorf.JPG",tree_0011.jpg,kiem duyet thu cong: khong dat tieu chi (tan bi cat / cay qua nho / nhieu cay / can canh / vat the khac)
File:20120731Verbascum thapsus1.jpg,tree_0018.jpg,kiem duyet thu cong: khong dat tieu chi (tan bi cat / cay qua nho / nhieu cay / can canh / vat the khac)
File:20120904Alnus glutinosa11.jpg,tree_0027.jpg,kiem duyet thu cong: khong dat tieu chi (tan bi cat / cay qua nho / nhieu cay / can canh / vat the khac)
File:20120907Birke Silz1.jpg,tree_0028.jpg,kiem duyet thu cong: khong dat tieu chi (tan bi cat / cay qua nho / nhieu cay / can canh / vat the khac)
File:20120920Populus x canadensis02.jpg,tree_0030.jpg,kiem duyet thu cong: khong dat tieu chi (tan bi cat / cay qua nho / nhieu cay / can canh / vat the khac)
File:20120924Betula pendula1.jpg,tree_0036.jpg,kiem duyet thu cong: khong dat tieu chi (tan bi cat / cay qua nho / nhieu cay / can canh / vat the khac)
File:20120924Betula pendula2.jpg,tree_0037.jpg,kiem duyet thu cong: khong dat tieu chi (tan bi cat / cay qua nho / nhieu cay / can canh / vat the khac)
File:20130107Populus x canadensis1.jpg,tree_0041.jpg,kiem duyet thu cong: khong dat tieu chi (tan bi cat / cay qua nho / nhieu cay / can canh / vat the khac)
File:20130425Schwarzpappeln Hockenheim1.jpg,tree_0049.jpg,kiem duyet thu cong: khong dat tieu chi (tan bi cat / cay qua nho / nhieu cay / can canh / vat the khac)
File:20130425Schwarzpappeln Hockenheim2.jpg,tree_0050.jpg,kiem duyet thu cong: khong dat tieu chi (tan bi cat / cay qua nho / nhieu cay / can canh / vat the khac)
File:20131126Populus x canadensis Ketschau.jpg,tree_0061.jpg,kiem duyet thu cong: khong dat tieu chi (tan bi cat / cay qua nho / nhieu cay / can canh / vat the khac)
File:2013LangeDuinen02.jpg,tree_0065.jpg,kiem duyet thu cong: khong dat tieu chi (tan bi cat / cay qua nho / nhieu cay / can canh / vat the khac)
File:2013LangeDuinen03.jpg,tree_0066.jpg,kiem duyet thu cong: khong dat tieu chi (tan bi cat / cay qua nho / nhieu cay / can canh / vat the khac)
File:20141017Kali tragus1.jpg,tree_0073.jpg,kiem duyet thu cong: khong dat tieu chi (tan bi cat / cay qua nho / nhieu cay / can canh / vat the khac)
File:20150627Gewann Frankreich-Wiesental1.jpg,tree_0080.jpg,kiem duyet thu cong: khong dat tieu chi (tan bi cat / cay qua nho / nhieu cay / can canh / vat the khac)
File:20150627Gewann Frankreich-Wiesental4.jpg,tree_0082.jpg,kiem duyet thu cong: khong dat tieu chi (tan bi cat / cay qua nho / nhieu cay / can canh / vat the khac)
File:20150628Gewann Frankreich-Wiesental1.jpg,tree_0083.jpg,kiem duyet thu cong: khong dat tieu chi (tan bi cat / cay qua nho / nhieu cay / can canh / vat the khac)
File:20150731Pinus sylvestris1.jpg,tree_0086.jpg,kiem duyet thu cong: khong dat tieu chi (tan bi cat / cay qua nho / nhieu cay / can canh / vat the khac)
File:20150731Pinus sylvestris2.jpg,tree_0087.jpg,kiem duyet thu cong: khong dat tieu chi (tan bi cat / cay qua nho / nhieu cay / can canh / vat the khac)
File:20151003Pinus sylvestris1.jpg,tree_0089.jpg,kiem duyet thu cong: khong dat tieu chi (tan bi cat / cay qua nho / nhieu cay / can canh / vat the khac)
File:20151024Pinus sylvestris Acer.jpg,tree_0090.jpg,kiem duyet thu cong: khong dat tieu chi (tan bi cat / cay qua nho / nhieu cay / can canh / vat the khac)
File:20151024Pinus sylvestris.jpg,tree_0091.jpg,kiem duyet thu cong: khong dat tieu chi (tan bi cat / cay qua nho / nhieu cay / can canh / vat the khac)
File:20160407Betula pendula1.jpg,tree_0094.jpg,kiem duyet thu cong: khong dat tieu chi (tan bi cat / cay qua nho / nhieu cay / can canh / vat the khac)
File:20160816Populus x canadensis1.jpg,tree_0102.jpg,kiem duyet thu cong: khong dat tieu chi (tan bi cat / cay qua nho / nhieu cay / can canh / vat the khac)
File:20160816Populus x canadensis2.jpg,tree_0103.jpg,kiem duyet thu cong: khong dat tieu chi (tan bi cat / cay qua nho / nhieu cay / can canh / vat the khac)
File:20161005Pinus sylvestris1.jpg,tree_0107.jpg,kiem duyet thu cong: khong dat tieu chi (tan bi cat / cay qua nho / nhieu cay / can canh / vat the khac)
File:20161005Pinus sylvestris5.jpg,tree_0111.jpg,kiem duyet thu cong: khong dat tieu chi (tan bi cat / cay qua nho / nhieu cay / can canh / vat the khac)
File:20161005Pinus sylvestris6.jpg,tree_0112.jpg,kiem duyet thu cong: khong dat tieu chi (tan bi cat / cay qua nho / nhieu cay / can canh / vat the khac)
File:20161005Pinus sylvestris7.jpg,tree_0113.jpg,kiem duyet thu cong: khong dat tieu chi (tan bi cat / cay qua nho / nhieu cay / can canh / vat the khac)
File:20161005Pinus sylvestris8.jpg,tree_0114.jpg,kiem duyet thu cong: khong dat tieu chi (tan bi cat / cay qua nho / nhieu cay / can canh / vat the khac)
File:20161005Populus x canadensis1.jpg,tree_0115.jpg,kiem duyet thu cong: khong dat tieu chi (tan bi cat / cay qua nho / nhieu cay / can canh / vat the khac)
File:20161005Populus x canadensis2.jpg,tree_0116.jpg,kiem duyet thu cong: khong dat tieu chi (tan bi cat / cay qua nho / nhieu cay / can canh / vat the khac)
File:20161005Populus x canadensis3.jpg,tree_0117.jpg,kiem duyet thu cong: khong dat tieu chi (tan bi cat / cay qua nho / nhieu cay / can canh / vat the khac)
File:20170927Pinus sylvestris.jpg,tree_0122.jpg,kiem duyet thu cong: khong dat tieu chi (tan bi cat / cay qua nho / nhieu cay / can canh / vat the khac)
File:20171015Juglans regia2.jpg,tree_0123.jpg,kiem duyet thu cong: khong dat tieu chi (tan bi cat / cay qua nho / nhieu cay / can canh / vat the khac)
File:20190222Pinus sylvestris3.jpg,tree_0127.jpg,kiem duyet thu cong: khong dat tieu chi (tan bi cat / cay qua nho / nhieu cay / can canh / vat the khac)
File:20190222Pinus sylvestris4.jpg,tree_0128.jpg,kiem duyet thu cong: khong dat tieu chi (tan bi cat / cay qua nho / nhieu cay / can canh / vat the khac)
File:20190222Pinus sylvestris5.jpg,tree_0129.jpg,kiem duyet thu cong: khong dat tieu chi (tan bi cat / cay qua nho / nhieu cay / can canh / vat the khac)
File:20190222Pinus sylvestris6.jpg,tree_0130.jpg,kiem duyet thu cong: khong dat tieu chi (tan bi cat / cay qua nho / nhieu cay / can canh / vat the khac)
File:20250806Pinus sylvestris2.jpg,tree_0135.jpg,kiem duyet thu cong: khong dat tieu chi (tan bi cat / cay qua nho / nhieu cay / can canh / vat the khac)
"File:B. pendula, Koivu Birch, end of August 1.jpg",tree_0140.jpg,kiem duyet thu cong: khong dat tieu chi (tan bi cat / cay qua nho / nhieu cay / can canh / vat the khac)
"File:B. pendula, Koivu Birch, end of August 2.jpg",tree_0141.jpg,kiem duyet thu cong: khong dat tieu chi (tan bi cat / cay qua nho / nhieu cay / can canh / vat the khac)
File:Bielefeld - Walnussbaum bei Jagdweg 113 - 2.jpg,tree_0144.jpg,kiem duyet thu cong: khong dat tieu chi (tan bi cat / cay qua nho / nhieu cay / can canh / vat the khac)
File:Bielefeld - Walnussbaum bei Jagdweg 113.jpg,tree_0145.jpg,kiem duyet thu cong: khong dat tieu chi (tan bi cat / cay qua nho / nhieu cay / can canh / vat the khac)
File:Breza na jesen.jpg,tree_0150.jpg,kiem duyet thu cong: khong dat tieu chi (tan bi cat / cay qua nho / nhieu cay / can canh / vat the khac)
File:Brzoza na Lublinku.JPG,tree_0151.jpg,kiem duyet thu cong: khong dat tieu chi (tan bi cat / cay qua nho / nhieu cay / can canh / vat the khac)
File:Deutsche Eiche Jahreszeiten.jpg,tree_0157.jpg,kiem duyet thu cong: khong dat tieu chi (tan bi cat / cay qua nho / nhieu cay / can canh / vat the khac)
File:Gamla eken och Torrevalla damm 6975.jpg,tree_0164.jpg,kiem duyet thu cong: khong dat tieu chi (tan bi cat / cay qua nho / nhieu cay / can canh / vat the khac)
File:Gullbranna 18 maj 2023 - 02.jpg,tree_0167.jpg,kiem duyet thu cong: khong dat tieu chi (tan bi cat / cay qua nho / nhieu cay / can canh / vat the khac)
File:ID 1046 Kiefer bei Murau 005.jpg,tree_0172.jpg,kiem duyet thu cong: khong dat tieu chi (tan bi cat / cay qua nho / nhieu cay / can canh / vat the khac)
File:ID 339 Kiefer 0008.jpg,tree_0173.jpg,kiem duyet thu cong: khong dat tieu chi (tan bi cat / cay qua nho / nhieu cay / can canh / vat the khac)
File:Mombach fg08.jpg,tree_0182.jpg,kiem duyet thu cong: khong dat tieu chi (tan bi cat / cay qua nho / nhieu cay / can canh / vat the khac)
File:Pino cerca del Peñalara en la Sierra de Guadarrama.jpg,tree_0186.jpg,kiem duyet thu cong: khong dat tieu chi (tan bi cat / cay qua nho / nhieu cay / can canh / vat the khac)
File:Pinus sylvestris TK 2023-05-06 3.jpg,tree_0189.jpg,kiem duyet thu cong: khong dat tieu chi (tan bi cat / cay qua nho / nhieu cay / can canh / vat the khac)
"File:Pinus sylvestris, Luulamminsuo, Urho Kekkonen National Park, Lapland, Finland, 2017-06-09 - 35410796780.jpg",tree_0199.jpg,kiem duyet thu cong: khong dat tieu chi (tan bi cat / cay qua nho / nhieu cay / can canh / vat the khac)
File:Reilsheim Eiche.jpg,tree_0211.jpg,kiem duyet thu cong: khong dat tieu chi (tan bi cat / cay qua nho / nhieu cay / can canh / vat the khac)
File:Såvaedje sapén Fagne.jpg,tree_0217.jpg,kiem duyet thu cong: khong dat tieu chi (tan bi cat / cay qua nho / nhieu cay / can canh / vat the khac)
File:Trondheim-lake-autumn.jpg,tree_0222.jpg,kiem duyet thu cong: khong dat tieu chi (tan bi cat / cay qua nho / nhieu cay / can canh / vat the khac)
File:Waschberg Leitzersdorf sl23.jpg,tree_0228.jpg,kiem duyet thu cong: khong dat tieu chi (tan bi cat / cay qua nho / nhieu cay / can canh / vat the khac)
File:Waschberg Leitzersdorf sl24.jpg,tree_0229.jpg,kiem duyet thu cong: khong dat tieu chi (tan bi cat / cay qua nho / nhieu cay / can canh / vat the khac)
File:Waschberg Leitzersdorf sl25.jpg,tree_0230.jpg,kiem duyet thu cong: khong dat tieu chi (tan bi cat / cay qua nho / nhieu cay / can canh / vat the khac)
File:Weißkiefer am Steinriesenbach.jpg,tree_0231.jpg,kiem duyet thu cong: khong dat tieu chi (tan bi cat / cay qua nho / nhieu cay / can canh / vat the khac)
File:Дерево на берегу озера Боровое.jpg,tree_0240.jpg,kiem duyet thu cong: khong dat tieu chi (tan bi cat / cay qua nho / nhieu cay / can canh / vat the khac)
File:Сосна в деревне Егоровцы. 02.jpg,tree_0245.jpg,kiem duyet thu cong: khong dat tieu chi (tan bi cat / cay qua nho / nhieu cay / can canh / vat the khac)
"File:Borkum, Oldmann's Olde Düne -- 2020 -- 2754.jpg",tree_0255.jpg,kiem duyet thu cong: khong dat tieu chi (tan bi cat / cay qua nho / nhieu cay / can canh / vat the khac)
"File:Dülmen, Hausdülmen, Baum an einem Feldweg -- 2020 -- 0292.jpg",tree_0269.jpg,kiem duyet thu cong: khong dat tieu chi (tan bi cat / cay qua nho / nhieu cay / can canh / vat the khac)
"File:Dülmen, Hausdülmen, Baum an einem Feldweg -- 2020 -- 0293.jpg",tree_0270.jpg,kiem duyet thu cong: khong dat tieu chi (tan bi cat / cay qua nho / nhieu cay / can canh / vat the khac)
"File:Dülmen, Hausdülmen, Baumschatten auf schneebedecktem Feld -- 2021 -- 4773.jpg",tree_0271.jpg,kiem duyet thu cong: khong dat tieu chi (tan bi cat / cay qua nho / nhieu cay / can canh / vat the khac)
"File:Dülmen, Hausdülmen, Kettbach -- 2016 -- 5659.jpg",tree_0279.jpg,kiem duyet thu cong: khong dat tieu chi (tan bi cat / cay qua nho / nhieu cay / can canh / vat the khac)
"File:Dülmen, Hausdülmen, Kettbach -- 2016 -- 5660.jpg",tree_0280.jpg,kiem duyet thu cong: khong dat tieu chi (tan bi cat / cay qua nho / nhieu cay / can canh / vat the khac)
"File:Dülmen, Kirchspiel, Feld am Oedlerteich -- 2017 -- 5991.jpg",tree_0287.jpg,kiem duyet thu cong: khong dat tieu chi (tan bi cat / cay qua nho / nhieu cay / can canh / vat the khac)
"File:Dülmen, Kirchspiel, Felder und Wiesen -- 2021 -- 7415 (bw).jpg",tree_0290.jpg,kiem duyet thu cong: khong dat tieu chi (tan bi cat / cay qua nho / nhieu cay / can canh / vat the khac)
"File:Dülmen, Kirchspiel, Felder und Wiesen -- 2021 -- 7415.jpg",tree_0291.jpg,kiem duyet thu cong: khong dat tieu chi (tan bi cat / cay qua nho / nhieu cay / can canh / vat the khac)
"File:Dülmen, Kirchspiel, Naturschutzgebiet -Karthäuser Mühlenbach- -- 2015 -- 4475.jpg",tree_0292.jpg,kiem duyet thu cong: khong dat tieu chi (tan bi cat / cay qua nho / nhieu cay / can canh / vat the khac)
"File:Haltern am See, Westruper Heide -- 2015 -- 7957.jpg",tree_0324.jpg,kiem duyet thu cong: khong dat tieu chi (tan bi cat / cay qua nho / nhieu cay / can canh / vat the khac)
"File:Haltern am See, Westruper Heide -- 2015 -- 8346-50.jpg",tree_0327.jpg,kiem duyet thu cong: khong dat tieu chi (tan bi cat / cay qua nho / nhieu cay / can canh / vat the khac)
"File:Haltern am See, Westruper Heide -- 2024 -- 5643.jpg",tree_0328.jpg,kiem duyet thu cong: khong dat tieu chi (tan bi cat / cay qua nho / nhieu cay / can canh / vat the khac)
"File:Hausdülmen, Umland -- 2020 -- 7072.jpg",tree_0331.jpg,kiem duyet thu cong: khong dat tieu chi (tan bi cat / cay qua nho / nhieu cay / can canh / vat the khac)
"File:Hausdülmen, Umland -- 2020 -- 7076.jpg",tree_0332.jpg,kiem duyet thu cong: khong dat tieu chi (tan bi cat / cay qua nho / nhieu cay / can canh / vat the khac)
"File:Hausdülmen, Umland -- 2020 -- 7082.jpg",tree_0333.jpg,kiem duyet thu cong: khong dat tieu chi (tan bi cat / cay qua nho / nhieu cay / can canh / vat the khac)
"File:Kakadu (AU), Kakadu National Park, Nadap Lookout -- 2019 -- 4191.jpg",tree_0334.jpg,kiem duyet thu cong: khong dat tieu chi (tan bi cat / cay qua nho / nhieu cay / can canh / vat the khac)
"File:Koh Mak (island), Thailand, Solitary tree in tropical lagoon.jpg",tree_0338.jpg,kiem duyet thu cong: khong dat tieu chi (tan bi cat / cay qua nho / nhieu cay / can canh / vat the khac)
File:Mangrove Reflection Wide Ashtamudi Kollam Kerala Mar22 A7C 01464.jpg,tree_0341.jpg,kiem duyet thu cong: khong dat tieu chi (tan bi cat / cay qua nho / nhieu cay / can canh / vat the khac)
File:Nokkanes Leikanger 2015.jpg,tree_0343.jpg,kiem duyet thu cong: khong dat tieu chi (tan bi cat / cay qua nho / nhieu cay / can canh / vat the khac)
"File:Nottuln, Stevertal, Stever -- 2017 -- 0697.jpg",tree_0346.jpg,kiem duyet thu cong: khong dat tieu chi (tan bi cat / cay qua nho / nhieu cay / can canh / vat the khac)
File:Sv Ana.jpg,tree_0351.jpg,kiem duyet thu cong: khong dat tieu chi (tan bi cat / cay qua nho / nhieu cay / can canh / vat the khac)
File:Sv. Egidij Zrece 1.jpg,tree_0352.jpg,kiem duyet thu cong: khong dat tieu chi (tan bi cat / cay qua nho / nhieu cay / can canh / vat the khac)
"File:Sydney (AU), Royal Botanic Gardens -- 2019 -- 3081.jpg",tree_0353.jpg,kiem duyet thu cong: khong dat tieu chi (tan bi cat / cay qua nho / nhieu cay / can canh / vat the khac)
File:Wandeling over het Hulshorsterzand-Hulshorsterheide 07-03-2020. (actm.) 41.jpg,tree_0357.jpg,kiem duyet thu cong: khong dat tieu chi (tan bi cat / cay qua nho / nhieu cay / can canh / vat the khac)
"File:""Storm Tree"" (5143597599).jpg",tree_0358.jpg,kiem duyet thu cong: khong dat tieu chi (tan bi cat / cay qua nho / nhieu cay / can canh / vat the khac)
File:- panoramio (5385).jpg,tree_0361.jpg,kiem duyet thu cong: khong dat tieu chi (tan bi cat / cay qua nho / nhieu cay / can canh / vat the khac)
File:-i---i- (50536119256).jpg,tree_0362.jpg,kiem duyet thu cong: khong dat tieu chi (tan bi cat / cay qua nho / nhieu cay / can canh / vat the khac)
File:-Փառակատար S-N 02.jpg,tree_0363.jpg,kiem duyet thu cong: khong dat tieu chi (tan bi cat / cay qua nho / nhieu cay / can canh / vat the khac)
File:-Փառակատար S-N 04.jpg,tree_0364.jpg,kiem duyet thu cong: khong dat tieu chi (tan bi cat / cay qua nho / nhieu cay / can canh / vat the khac)
File:01 Valladolid calle del Pozo by lou.jpg,tree_0365.jpg,kiem duyet thu cong: khong dat tieu chi (tan bi cat / cay qua nho / nhieu cay / can canh / vat the khac)
File:01a Valladolid Plaza de Carranza by Lou.jpg,tree_0366.jpg,kiem duyet thu cong: khong dat tieu chi (tan bi cat / cay qua nho / nhieu cay / can canh / vat the khac)
File:102 Chyňava hospoda a koloniál SZ u křižovatky.jpg,tree_0369.jpg,kiem duyet thu cong: khong dat tieu chi (tan bi cat / cay qua nho / nhieu cay / can canh / vat the khac)
File:2007-12-24 14-38-56 Switzerland Schaffhausen Dörflingen.JPG,tree_0372.jpg,kiem duyet thu cong: khong dat tieu chi (tan bi cat / cay qua nho / nhieu cay / can canh / vat the khac)
File:2010-09-26 10-05-12 Namibia Hardap Hammerstein.JPG,tree_0378.jpg,kiem duyet thu cong: khong dat tieu chi (tan bi cat / cay qua nho / nhieu cay / can canh / vat the khac)
File:2014 Приморский район - panoramio.jpg,tree_0385.jpg,kiem duyet thu cong: khong dat tieu chi (tan bi cat / cay qua nho / nhieu cay / can canh / vat the khac)
"File:2016 Voerendaal, Kasteel Puth 01.jpg",tree_0387.jpg,kiem duyet thu cong: khong dat tieu chi (tan bi cat / cay qua nho / nhieu cay / can canh / vat the khac)
"File:2016 Voerendaal, Kasteel Puth 02.jpg",tree_0388.jpg,kiem duyet thu cong: khong dat tieu chi (tan bi cat / cay qua nho / nhieu cay / can canh / vat the khac)
"File:2016 Voerendaal, Kasteel Puth 03.jpg",tree_0389.jpg,kiem duyet thu cong: khong dat tieu chi (tan bi cat / cay qua nho / nhieu cay / can canh / vat the khac)
File:2019-08-18 Boerderij Raadhuisstraat 26 Diepenheim.jpg,tree_0391.jpg,kiem duyet thu cong: khong dat tieu chi (tan bi cat / cay qua nho / nhieu cay / can canh / vat the khac)
File:46-227-0057 Krekhiv Monastery RB.jpg,tree_0395.jpg,kiem duyet thu cong: khong dat tieu chi (tan bi cat / cay qua nho / nhieu cay / can canh / vat the khac)
File:49. Hacia el encinar (12797605044).jpg,tree_0396.jpg,kiem duyet thu cong: khong dat tieu chi (tan bi cat / cay qua nho / nhieu cay / can canh / vat the khac)
File:6. Мукачеве (Каплиця Святого Мартина.jpg,tree_0397.jpg,kiem duyet thu cong: khong dat tieu chi (tan bi cat / cay qua nho / nhieu cay / can canh / vat the khac)
File:A Coconut Tree.jpg,tree_0398.jpg,kiem duyet thu cong: khong dat tieu chi (tan bi cat / cay qua nho / nhieu cay / can canh / vat the khac)
File:A Lone Tree - geograph.org.uk - 2055387.jpg,tree_0400.jpg,kiem duyet thu cong: khong dat tieu chi (tan bi cat / cay qua nho / nhieu cay / can canh / vat the khac)
File:A Lone Tree - geograph.org.uk - 2714389.jpg,tree_0401.jpg,kiem duyet thu cong: khong dat tieu chi (tan bi cat / cay qua nho / nhieu cay / can canh / vat the khac)
"File:A ditch full of duckweed in the peatland Fochterloerveen; North Netherlands, spring 2012.jpg",tree_0408.jpg,kiem duyet thu cong: khong dat tieu chi (tan bi cat / cay qua nho / nhieu cay / can canh / vat the khac)
File:A lone tree at King Arthur's Well on Hadrian's Wall - geograph.org.uk - 4115296.jpg,tree_0414.jpg,kiem duyet thu cong: khong dat tieu chi (tan bi cat / cay qua nho / nhieu cay / can canh / vat the khac)
"File:A lone tree, Crosh - geograph.org.uk - 5797640.jpg",tree_0415.jpg,kiem duyet thu cong: khong dat tieu chi (tan bi cat / cay qua nho / nhieu cay / can canh / vat the khac)
"File:A lone tree, Mullaghmore - geograph.org.uk - 6070497.jpg",tree_0417.jpg,kiem duyet thu cong: khong dat tieu chi (tan bi cat / cay qua nho / nhieu cay / can canh / vat the khac)
"File:A tree contemplates its destiny - Passo Valles (TN) Italy - March 6, 2011 - panoramio.jpg",tree_0425.jpg,kiem duyet thu cong: khong dat tieu chi (tan bi cat / cay qua nho / nhieu cay / can canh / vat the khac)
File:A-lone Tree.jpg,tree_0432.jpg,kiem duyet thu cong: khong dat tieu chi (tan bi cat / cay qua nho / nhieu cay / can canh / vat the khac)
"File:A288, Arches National Park, Fiery Furnace, 2008.JPG",tree_0433.jpg,kiem duyet thu cong: khong dat tieu chi (tan bi cat / cay qua nho / nhieu cay / can canh / vat the khac)
File:Abies alba Wisła 2.jpg,tree_0434.jpg,kiem duyet thu cong: khong dat tieu chi (tan bi cat / cay qua nho / nhieu cay / can canh / vat the khac)
"File:Adamivka, Ivanivka Hromada 05.jpg",tree_0443.jpg,kiem duyet thu cong: khong dat tieu chi (tan bi cat / cay qua nho / nhieu cay / can canh / vat the khac)
"File:Adamivka, Ivanivka Hromada 07.jpg",tree_0444.jpg,kiem duyet thu cong: khong dat tieu chi (tan bi cat / cay qua nho / nhieu cay / can canh / vat the khac)
File:Albero solitario (3438789993).jpg,tree_0454.jpg,kiem duyet thu cong: khong dat tieu chi (tan bi cat / cay qua nho / nhieu cay / can canh / vat the khac)
File:Albero solitario (4413059483).jpg,tree_0455.jpg,kiem duyet thu cong: khong dat tieu chi (tan bi cat / cay qua nho / nhieu cay / can canh / vat the khac)
File:Almirithra.JPG,tree_0460.jpg,kiem duyet thu cong: khong dat tieu chi (tan bi cat / cay qua nho / nhieu cay / can canh / vat the khac)
File:Amasra 1260423 nevit.jpg,tree_0467.jpg,kiem duyet thu cong: khong dat tieu chi (tan bi cat / cay qua nho / nhieu cay / can canh / vat the khac)
File:An Alone Tree.JPG,tree_0468.jpg,kiem duyet thu cong: khong dat tieu chi (tan bi cat / cay qua nho / nhieu cay / can canh / vat the khac)
"File:Apple tree, Grantham, Lincolnshire - Dec 2005.JPG",tree_0472.jpg,kiem duyet thu cong: khong dat tieu chi (tan bi cat / cay qua nho / nhieu cay / can canh / vat the khac)
"File:Arbol La Puerta, estado Trujillo, Venezuela.jpg",tree_0474.jpg,kiem duyet thu cong: khong dat tieu chi (tan bi cat / cay qua nho / nhieu cay / can canh / vat the khac)
File:Arbol entre trigo - panoramio.jpg,tree_0475.jpg,kiem duyet thu cong: khong dat tieu chi (tan bi cat / cay qua nho / nhieu cay / can canh / vat the khac)
File:Artviže (11565283545).jpg,tree_0482.jpg,kiem duyet thu cong: khong dat tieu chi (tan bi cat / cay qua nho / nhieu cay / can canh / vat the khac)
File:ArvoreSabedoria.JPG,tree_0484.jpg,kiem duyet thu cong: khong dat tieu chi (tan bi cat / cay qua nho / nhieu cay / can canh / vat the khac)
File:At San Francisco 2015 073.jpg,tree_0485.jpg,kiem duyet thu cong: khong dat tieu chi (tan bi cat / cay qua nho / nhieu cay / can canh / vat the khac)
File:Auslikon - Strandweg 2012-04-19 13-51-28 (P7000).JPG,tree_0489.jpg,kiem duyet thu cong: khong dat tieu chi (tan bi cat / cay qua nho / nhieu cay / can canh / vat the khac)
File:Ayu-dag-mis plaka2.jpg,tree_0491.jpg,kiem duyet thu cong: khong dat tieu chi (tan bi cat / cay qua nho / nhieu cay / can canh / vat the khac)
File:Barragem do Arade - tree at sunset (13411827423).jpg,tree_0494.jpg,kiem duyet thu cong: khong dat tieu chi (tan bi cat / cay qua nho / nhieu cay / can canh / vat the khac)
File:Beauty in dryness - View from Thandiani hill station.jpg,tree_0499.jpg,kiem duyet thu cong: khong dat tieu chi (tan bi cat / cay qua nho / nhieu cay / can canh / vat the khac)
File:Bijli Mahadev.jpg,tree_0508.jpg,kiem duyet thu cong: khong dat tieu chi (tan bi cat / cay qua nho / nhieu cay / can canh / vat the khac)
File:Black Tree and White Sky.jpg,tree_0513.jpg,kiem duyet thu cong: khong dat tieu chi (tan bi cat / cay qua nho / nhieu cay / can canh / vat the khac)
File:Bologna-1080.jpg,tree_0515.jpg,kiem duyet thu cong: khong dat tieu chi (tan bi cat / cay qua nho / nhieu cay / can canh / vat the khac)
File:Bornholm Club Med 2 1.jpg,tree_0521.jpg,kiem duyet thu cong: khong dat tieu chi (tan bi cat / cay qua nho / nhieu cay / can canh / vat the khac)
File:Borodani DSC 0676 32-206-0002.jpg,tree_0522.jpg,kiem duyet thu cong: khong dat tieu chi (tan bi cat / cay qua nho / nhieu cay / can canh / vat the khac)
File:Buenos Aires Plaza Vicente López.jpg,tree_0526.jpg,kiem duyet thu cong: khong dat tieu chi (tan bi cat / cay qua nho / nhieu cay / can canh / vat the khac)
"File:Buildings in the Mérida city, Venezuela.JPG",tree_0527.jpg,kiem duyet thu cong: khong dat tieu chi (tan bi cat / cay qua nho / nhieu cay / can canh / vat the khac)
File:By the city of Moulay Yaaqoub.jpg,tree_0528.jpg,kiem duyet thu cong: khong dat tieu chi (tan bi cat / cay qua nho / nhieu cay / can canh / vat the khac)
File:Cabo san roman.JPG,tree_0531.jpg,kiem duyet thu cong: khong dat tieu chi (tan bi cat / cay qua nho / nhieu cay / can canh / vat the khac)
File:Caburé (2007) 02.jpg,tree_0533.jpg,kiem duyet thu cong: khong dat tieu chi (tan bi cat / cay qua nho / nhieu cay / can canh / vat the khac)
File:Cape Fonar Area.jpg,tree_0539.jpg,kiem duyet thu cong: khong dat tieu chi (tan bi cat / cay qua nho / nhieu cay / can canh / vat the khac)
File:Cappadocia 039 n.jpg,tree_0541.jpg,kiem duyet thu cong: khong dat tieu chi (tan bi cat / cay qua nho / nhieu cay / can canh / vat the khac)
File:Cappadocia 071 n.jpg,tree_0542.jpg,kiem duyet thu cong: khong dat tieu chi (tan bi cat / cay qua nho / nhieu cay / can canh / vat the khac)
File:Cementerio Contiendas (07).jpg,tree_0552.jpg,kiem duyet thu cong: khong dat tieu chi (tan bi cat / cay qua nho / nhieu cay / can canh / vat the khac)
File:Charm lake.jpg,tree_0554.jpg,kiem duyet thu cong: khong dat tieu chi (tan bi cat / cay qua nho / nhieu cay / can canh / vat the khac)
File:Chinguetti 1997 47.jpg,tree_0558.jpg,kiem duyet thu cong: khong dat tieu chi (tan bi cat / cay qua nho / nhieu cay / can canh / vat the khac)
"File:Chromeč, Boží muka v polích 01.jpg",tree_0561.jpg,kiem duyet thu cong: khong dat tieu chi (tan bi cat / cay qua nho / nhieu cay / can canh / vat the khac)
File:Cloud Tree.jpg,tree_0566.jpg,kiem duyet thu cong: khong dat tieu chi (tan bi cat / cay qua nho / nhieu cay / can canh / vat the khac)
File:Clouds tree.jpg,tree_0567.jpg,kiem duyet thu cong: khong dat tieu chi (tan bi cat / cay qua nho / nhieu cay / can canh / vat the khac)
"File:Clouds, Graz - Flickr - -ErWin.jpg",tree_0568.jpg,kiem duyet thu cong: khong dat tieu chi (tan bi cat / cay qua nho / nhieu cay / can canh / vat the khac)
File:Coconut Grove Street 20100321.jpg,tree_0569.jpg,kiem duyet thu cong: khong dat tieu chi (tan bi cat / cay qua nho / nhieu cay / can canh / vat the khac)
File:Comercios frente al malecón.JPG,tree_0574.jpg,kiem duyet thu cong: khong dat tieu chi (tan bi cat / cay qua nho / nhieu cay / can canh / vat the khac)
"File:Copped Hall garden tree, Epping, Essex, England.jpg",tree_0576.jpg,kiem duyet thu cong: khong dat tieu chi (tan bi cat / cay qua nho / nhieu cay / can canh / vat the khac)
"File:Cows at the Doorwerth heather Park, to keep the vegetation short and to give the heather possibilities to grow - panoramio.jpg",tree_0579.jpg,kiem duyet thu cong: khong dat tieu chi (tan bi cat / cay qua nho / nhieu cay / can canh / vat the khac)
File:Cows on Mežakla.jpg,tree_0580.jpg,kiem duyet thu cong: khong dat tieu chi (tan bi cat / cay qua nho / nhieu cay / can canh / vat the khac)
"File:Dawn in Sivrihisar, Eskişehir 06.jpg",tree_0586.jpg,kiem duyet thu cong: khong dat tieu chi (tan bi cat / cay qua nho / nhieu cay / can canh / vat the khac)
File:Deadvlei in Namibia (2017).jpg,tree_0590.jpg,kiem duyet thu cong: khong dat tieu chi (tan bi cat / cay qua nho / nhieu cay / can canh / vat the khac)
File:Derevechka - panoramio.jpg,tree_0594.jpg,kiem duyet thu cong: khong dat tieu chi (tan bi cat / cay qua nho / nhieu cay / can canh / vat the khac)
File:Desert Electric.jpg,tree_0595.jpg,kiem duyet thu cong: khong dat tieu chi (tan bi cat / cay qua nho / nhieu cay / can canh / vat the khac)
File:Deyrulumur P1040626 20080425100057 Droste1.jpg,tree_0597.jpg,kiem duyet thu cong: khong dat tieu chi (tan bi cat / cay qua nho / nhieu cay / can canh / vat the khac)
File:Deyrulumur P1040626 20080425100057 Droste2.jpg,tree_0598.jpg,kiem duyet thu cong: khong dat tieu chi (tan bi cat / cay qua nho / nhieu cay / can canh / vat the khac)
File:Deyrulumur P1040626 20080425100057.JPG,tree_0599.jpg,kiem duyet thu cong: khong dat tieu chi (tan bi cat / cay qua nho / nhieu cay / can canh / vat the khac)
File:Deyrulumur P1040629 20080425100136.JPG,tree_0600.jpg,kiem duyet thu cong: khong dat tieu chi (tan bi cat / cay qua nho / nhieu cay / can canh / vat the khac)
File:Dgist123.jpg,tree_0601.jpg,kiem duyet thu cong: khong dat tieu chi (tan bi cat / cay qua nho / nhieu cay / can canh / vat the khac)
File:Diana Byrka photo b&w.jpg,tree_0602.jpg,kiem duyet thu cong: khong dat tieu chi (tan bi cat / cay qua nho / nhieu cay / can canh / vat the khac)
File:Dorflinde Alberschwende.JPG,tree_0607.jpg,kiem duyet thu cong: khong dat tieu chi (tan bi cat / cay qua nho / nhieu cay / can canh / vat the khac)
File:Dzerzhynsk 9 (7203084530).jpg,tree_0619.jpg,kiem duyet thu cong: khong dat tieu chi (tan bi cat / cay qua nho / nhieu cay / can canh / vat the khac)
"File:East Crimean landscape - Kerch, Ukraine - panoramio.jpg",tree_0620.jpg,kiem duyet thu cong: khong dat tieu chi (tan bi cat / cay qua nho / nhieu cay / can canh / vat the khac)
"File:East Custer, SD, USA - panoramio (33).jpg",tree_0621.jpg,kiem duyet thu cong: khong dat tieu chi (tan bi cat / cay qua nho / nhieu cay / can canh / vat the khac)
File:Ebersbach Solitaerer Baum-01.jpg,tree_0623.jpg,kiem duyet thu cong: khong dat tieu chi (tan bi cat / cay qua nho / nhieu cay / can canh / vat the khac)
File:Ebersbach Solitaerer Baum-02.jpg,tree_0624.jpg,kiem duyet thu cong: khong dat tieu chi (tan bi cat / cay qua nho / nhieu cay / can canh / vat the khac)
File:Egremont Plain.JPG,tree_0625.jpg,kiem duyet thu cong: khong dat tieu chi (tan bi cat / cay qua nho / nhieu cay / can canh / vat the khac)
File:Einsiedeln IMG 2791.JPG,tree_0626.jpg,kiem duyet thu cong: khong dat tieu chi (tan bi cat / cay qua nho / nhieu cay / can canh / vat the khac)
File:Embalse de Casares.jpg,tree_0628.jpg,kiem duyet thu cong: khong dat tieu chi (tan bi cat / cay qua nho / nhieu cay / can canh / vat the khac)
"File:Encumeada, Madeira, PR 1.3 trail, old tree below black rock formation.jpg",tree_0632.jpg,kiem duyet thu cong: khong dat tieu chi (tan bi cat / cay qua nho / nhieu cay / can canh / vat the khac)
File:Enjo Nature Ranch - Cederhills DSC00474 (16092286880).jpg,tree_0633.jpg,kiem duyet thu cong: khong dat tieu chi (tan bi cat / cay qua nho / nhieu cay / can canh / vat the khac)
File:Exposed urban tree at sea front City of Vancouver in Canada.jpg,tree_0636.jpg,kiem duyet thu cong: khong dat tieu chi (tan bi cat / cay qua nho / nhieu cay / can canh / vat the khac)
File:Eymoutiers - panoramio (19).jpg,tree_0637.jpg,kiem duyet thu cong: khong dat tieu chi (tan bi cat / cay qua nho / nhieu cay / can canh / vat the khac)
File:Fagus sylvatica Silesian Beskids.jpg,tree_0639.jpg,kiem duyet thu cong: khong dat tieu chi (tan bi cat / cay qua nho / nhieu cay / can canh / vat the khac)
File:Fairy Tree in County Clare Ireland.jpg,tree_0640.jpg,kiem duyet thu cong: khong dat tieu chi (tan bi cat / cay qua nho / nhieu cay / can canh / vat the khac)
File:Familie lebte in diesem Baum - panoramio.jpg,tree_0641.jpg,kiem duyet thu cong: khong dat tieu chi (tan bi cat / cay qua nho / nhieu cay / can canh / vat the khac)
File:Farm Aar Namibia (2018).jpg,tree_0642.jpg,kiem duyet thu cong: khong dat tieu chi (tan bi cat / cay qua nho / nhieu cay / can canh / vat the khac)
File:Fotothek df ps 0001822 Bäume.jpg,tree_0654.jpg,kiem duyet thu cong: khong dat tieu chi (tan bi cat / cay qua nho / nhieu cay / can canh / vat the khac)
File:Fotothek df ps 0001823 Bäume ^ Landschaften ^ Küstenlandschaften - Boddenlandsch.jpg,tree_0655.jpg,kiem duyet thu cong: khong dat tieu chi (tan bi cat / cay qua nho / nhieu cay / can canh / vat the khac)
File:Fotothek df ps 0001827 Bäume.jpg,tree_0659.jpg,kiem duyet thu cong: khong dat tieu chi (tan bi cat / cay qua nho / nhieu cay / can canh / vat the khac)
File:Fotothek df ps 0001828 Bäume.jpg,tree_0660.jpg,kiem duyet thu cong: khong dat tieu chi (tan bi cat / cay qua nho / nhieu cay / can canh / vat the khac)
File:Fotothek df ps 0001829 Bäume.jpg,tree_0661.jpg,kiem duyet thu cong: khong dat tieu chi (tan bi cat / cay qua nho / nhieu cay / can canh / vat the khac)
File:Fotothek df ps 0001850 Bäume.jpg,tree_0665.jpg,kiem duyet thu cong: khong dat tieu chi (tan bi cat / cay qua nho / nhieu cay / can canh / vat the khac)
"File:Francisco del Carmen Carvajal, Anzoategui, Venezuela - panoramio (474).jpg",tree_0670.jpg,kiem duyet thu cong: khong dat tieu chi (tan bi cat / cay qua nho / nhieu cay / can canh / vat the khac)
File:Fıstık ağacı.jpg,tree_0674.jpg,kiem duyet thu cong: khong dat tieu chi (tan bi cat / cay qua nho / nhieu cay / can canh / vat the khac)
File:Gaalikere.jpg,tree_0675.jpg,kiem duyet thu cong: khong dat tieu chi (tan bi cat / cay qua nho / nhieu cay / can canh / vat the khac)
File:Gerendal Limburg (2391861539).jpg,tree_0680.jpg,kiem duyet thu cong: khong dat tieu chi (tan bi cat / cay qua nho / nhieu cay / can canh / vat the khac)
File:Gerendal Zuid-Limburg (3006507502).jpg,tree_0681.jpg,kiem duyet thu cong: khong dat tieu chi (tan bi cat / cay qua nho / nhieu cay / can canh / vat the khac)
"File:Haskell County, Kansas(^). Cemetery - NARA - 522141.jpg",tree_0689.jpg,kiem duyet thu cong: khong dat tieu chi (tan bi cat / cay qua nho / nhieu cay / can canh / vat the khac)
"File:Havelock Island, Mangrove tree on the beach, Andaman Islands.jpg",tree_0691.jpg,kiem duyet thu cong: khong dat tieu chi (tan bi cat / cay qua nho / nhieu cay / can canh / vat the khac)
File:Hoton lake - panoramio.jpg,tree_0698.jpg,kiem duyet thu cong: khong dat tieu chi (tan bi cat / cay qua nho / nhieu cay / can canh / vat the khac)
File:Hrusevo1.JPG,tree_0700.jpg,kiem duyet thu cong: khong dat tieu chi (tan bi cat / cay qua nho / nhieu cay / can canh / vat the khac)
File:IMGP9797 на підйомі на заповідану Вапнярку.jpg,tree_0703.jpg,kiem duyet thu cong: khong dat tieu chi (tan bi cat / cay qua nho / nhieu cay / can canh / vat the khac)
File:Inchiri 1997 15.jpg,tree_0707.jpg,kiem duyet thu cong: khong dat tieu chi (tan bi cat / cay qua nho / nhieu cay / can canh / vat the khac)
File:Infrared 02603-tree.jpg,tree_0708.jpg,kiem duyet thu cong: khong dat tieu chi (tan bi cat / cay qua nho / nhieu cay / can canh / vat the khac)
File:Infrared 08705 yedigoller-exposure.JPG,tree_0709.jpg,kiem duyet thu cong: khong dat tieu chi (tan bi cat / cay qua nho / nhieu cay / can canh / vat the khac)
File:Iz okolice Storžiča 1933.jpg,tree_0714.jpg,kiem duyet thu cong: khong dat tieu chi (tan bi cat / cay qua nho / nhieu cay / can canh / vat the khac)
File:Jezersko cow2.jpg,tree_0719.jpg,kiem duyet thu cong: khong dat tieu chi (tan bi cat / cay qua nho / nhieu cay / can canh / vat the khac)
File:Joshua Tree in Joshua Tree National Park.jpg,tree_0721.jpg,kiem duyet thu cong: khong dat tieu chi (tan bi cat / cay qua nho / nhieu cay / can canh / vat the khac)
File:Julia Zirka fortez Sudak fortechna gora bezimenna2.JPG,tree_0722.jpg,kiem duyet thu cong: khong dat tieu chi (tan bi cat / cay qua nho / nhieu cay / can canh / vat the khac)
File:Kabut Pagi.jpg,tree_0724.jpg,kiem duyet thu cong: khong dat tieu chi (tan bi cat / cay qua nho / nhieu cay / can canh / vat the khac)
"File:Kamenica, Sevnica St. Margaret's Church magnified.jpg",tree_0727.jpg,kiem duyet thu cong: khong dat tieu chi (tan bi cat / cay qua nho / nhieu cay / can canh / vat the khac)
"File:Korchuvate, Kyiv, Ukraine - panoramio.jpg",tree_0742.jpg,kiem duyet thu cong: khong dat tieu chi (tan bi cat / cay qua nho / nhieu cay / can canh / vat the khac)
File:Laika ac Selous (9806720763).jpg,tree_0751.jpg,kiem duyet thu cong: khong dat tieu chi (tan bi cat / cay qua nho / nhieu cay / can canh / vat the khac)
File:Lake Ceknica 2013 (8568169722).jpg,tree_0753.jpg,kiem duyet thu cong: khong dat tieu chi (tan bi cat / cay qua nho / nhieu cay / can canh / vat the khac)
File:Lake Cerknica 2013 (8567069833).jpg,tree_0754.jpg,kiem duyet thu cong: khong dat tieu chi (tan bi cat / cay qua nho / nhieu cay / can canh / vat the khac)
File:Lake in Ngorongoro crater.jpg,tree_0757.jpg,kiem duyet thu cong: khong dat tieu chi (tan bi cat / cay qua nho / nhieu cay / can canh / vat the khac)
File:Landgoed de Reehorst PM1404-13.jpg,tree_0758.jpg,kiem duyet thu cong: khong dat tieu chi (tan bi cat / cay qua nho / nhieu cay / can canh / vat the khac)
File:Landgoed de Reehorst PM1404-14.jpg,tree_0759.jpg,kiem duyet thu cong: khong dat tieu chi (tan bi cat / cay qua nho / nhieu cay / can canh / vat the khac)
"File:Landscape of northern Maasai Mara Preserve, Kenya.jpg",tree_0761.jpg,kiem duyet thu cong: khong dat tieu chi (tan bi cat / cay qua nho / nhieu cay / can canh / vat the khac)
File:Laut Tenang Pantai Nusa Dua Bali.jpg,tree_0762.jpg,kiem duyet thu cong: khong dat tieu chi (tan bi cat / cay qua nho / nhieu cay / can canh / vat the khac)
File:Layos - Árbol centenario.JPG,tree_0763.jpg,kiem duyet thu cong: khong dat tieu chi (tan bi cat / cay qua nho / nhieu cay / can canh / vat the khac)
File:Leaning tree in Greenough.jpg,tree_0766.jpg,kiem duyet thu cong: khong dat tieu chi (tan bi cat / cay qua nho / nhieu cay / can canh / vat the khac)
File:Lemberg pri Šmarju 09.JPG,tree_0767.jpg,kiem duyet thu cong: khong dat tieu chi (tan bi cat / cay qua nho / nhieu cay / can canh / vat the khac)
File:Lengwil landscape.jpg,tree_0768.jpg,kiem duyet thu cong: khong dat tieu chi (tan bi cat / cay qua nho / nhieu cay / can canh / vat the khac)
File:Leskovec v Podborštu - cerkev Žalostne Matere božje (2).jpg,tree_0770.jpg,kiem duyet thu cong: khong dat tieu chi (tan bi cat / cay qua nho / nhieu cay / can canh / vat the khac)
File:Leskovec v Podborštu - cerkev Žalostne Matere božje.jpg,tree_0771.jpg,kiem duyet thu cong: khong dat tieu chi (tan bi cat / cay qua nho / nhieu cay / can canh / vat the khac)
File:Lone Tree (16797482915).jpg,tree_0776.jpg,kiem duyet thu cong: khong dat tieu chi (tan bi cat / cay qua nho / nhieu cay / can canh / vat the khac)
File:Lone tree - Flickr - eye of einstein.jpg,tree_0783.jpg,kiem duyet thu cong: khong dat tieu chi (tan bi cat / cay qua nho / nhieu cay / can canh / vat the khac)
File:Lone tree Großglocknerstraße coach-made near Halstadt.jpg,tree_0784.jpg,kiem duyet thu cong: khong dat tieu chi (tan bi cat / cay qua nho / nhieu cay / can canh / vat the khac)
File:Lone tree at housewall in Berlin.jpg,tree_0785.jpg,kiem duyet thu cong: khong dat tieu chi (tan bi cat / cay qua nho / nhieu cay / can canh / vat the khac)
File:Lone tree north of Halfpenny Lane - geograph.org.uk - 4303463.jpg,tree_0788.jpg,kiem duyet thu cong: khong dat tieu chi (tan bi cat / cay qua nho / nhieu cay / can canh / vat the khac)
"File:Lone tree on Sunnyside Beach, Toronto, November 2025.jpg",tree_0789.jpg,kiem duyet thu cong: khong dat tieu chi (tan bi cat / cay qua nho / nhieu cay / can canh / vat the khac)
File:Lonely Tree (14624093388).png,tree_0795.jpg,kiem duyet thu cong: khong dat tieu chi (tan bi cat / cay qua nho / nhieu cay / can canh / vat the khac)
File:Lonely horse rider (11953665863).jpg,tree_0799.jpg,kiem duyet thu cong: khong dat tieu chi (tan bi cat / cay qua nho / nhieu cay / can canh / vat the khac)
File:Lonely tree (21464459422).jpg,tree_0800.jpg,kiem duyet thu cong: khong dat tieu chi (tan bi cat / cay qua nho / nhieu cay / can canh / vat the khac)
File:Lonely tree (49785032547).jpg,tree_0801.jpg,kiem duyet thu cong: khong dat tieu chi (tan bi cat / cay qua nho / nhieu cay / can canh / vat the khac)
File:Lonely tree (5446264712).jpg,tree_0802.jpg,kiem duyet thu cong: khong dat tieu chi (tan bi cat / cay qua nho / nhieu cay / can canh / vat the khac)
File:Lonely tree (6560586743).jpg,tree_0803.jpg,kiem duyet thu cong: khong dat tieu chi (tan bi cat / cay qua nho / nhieu cay / can canh / vat the khac)
File:Lonely tree - Flickr - Javmorcas.jpg,tree_0804.jpg,kiem duyet thu cong: khong dat tieu chi (tan bi cat / cay qua nho / nhieu cay / can canh / vat the khac)
File:Lonely tree at Fairy lake (cropped).jpg,tree_0807.jpg,kiem duyet thu cong: khong dat tieu chi (tan bi cat / cay qua nho / nhieu cay / can canh / vat the khac)
File:Lonely tree in blue.jpg,tree_0810.jpg,kiem duyet thu cong: khong dat tieu chi (tan bi cat / cay qua nho / nhieu cay / can canh / vat the khac)
File:Lonely tree in fog.jpg,tree_0811.jpg,kiem duyet thu cong: khong dat tieu chi (tan bi cat / cay qua nho / nhieu cay / can canh / vat the khac)
File:Lonetree2southderbys.jpg,tree_0814.jpg,kiem duyet thu cong: khong dat tieu chi (tan bi cat / cay qua nho / nhieu cay / can canh / vat the khac)
File:Lonetreesomewhere.jpg,tree_0816.jpg,kiem duyet thu cong: khong dat tieu chi (tan bi cat / cay qua nho / nhieu cay / can canh / vat the khac)
File:Long island snow day (24210065774).jpg,tree_0817.jpg,kiem duyet thu cong: khong dat tieu chi (tan bi cat / cay qua nho / nhieu cay / can canh / vat the khac)
File:Maastricht OldHickoryplein (1).JPG,tree_0819.jpg,kiem duyet thu cong: khong dat tieu chi (tan bi cat / cay qua nho / nhieu cay / can canh / vat the khac)
File:Magical sunset tree.jpg,tree_0820.jpg,kiem duyet thu cong: khong dat tieu chi (tan bi cat / cay qua nho / nhieu cay / can canh / vat the khac)
File:Magnificent solitary Cedrus deodara in London (200321111).jpg,tree_0821.jpg,kiem duyet thu cong: khong dat tieu chi (tan bi cat / cay qua nho / nhieu cay / can canh / vat the khac)
File:Mali Trn - kapelica zahodno od cerkve sv. Duha.jpg,tree_0822.jpg,kiem duyet thu cong: khong dat tieu chi (tan bi cat / cay qua nho / nhieu cay / can canh / vat the khac)
File:Man on a boat between Reni and Ismail (60-ies). (6193892221).jpg,tree_0823.jpg,kiem duyet thu cong: khong dat tieu chi (tan bi cat / cay qua nho / nhieu cay / can canh / vat the khac)
File:Mangere Mountain Path To Summit.jpg,tree_0824.jpg,kiem duyet thu cong: khong dat tieu chi (tan bi cat / cay qua nho / nhieu cay / can canh / vat the khac)
File:Mangrove Ashtamudi Kollam Kerala Mar22 A7C 01464.jpg,tree_0825.jpg,kiem duyet thu cong: khong dat tieu chi (tan bi cat / cay qua nho / nhieu cay / can canh / vat the khac)
"File:Mangrove, Lamongan Regency, East Java, Indonesia 1.jpg",tree_0826.jpg,kiem duyet thu cong: khong dat tieu chi (tan bi cat / cay qua nho / nhieu cay / can canh / vat the khac)
"File:Mangrove, Lamongan Regency, East Java, Indonesia 2.jpg",tree_0827.jpg,kiem duyet thu cong: khong dat tieu chi (tan bi cat / cay qua nho / nhieu cay / can canh / vat the khac)
File:Martinja vas pri Mokronogu - cerkev sv. Miklavža.jpg,tree_0829.jpg,kiem duyet thu cong: khong dat tieu chi (tan bi cat / cay qua nho / nhieu cay / can canh / vat the khac)
"File:Mauritania, desierto 1997 10.jpg",tree_0833.jpg,kiem duyet thu cong: khong dat tieu chi (tan bi cat / cay qua nho / nhieu cay / can canh / vat the khac)
"File:Mauritania, desierto 1997 11.jpg",tree_0834.jpg,kiem duyet thu cong: khong dat tieu chi (tan bi cat / cay qua nho / nhieu cay / can canh / vat the khac)
"File:Merzhanovo, Sea of Azov, Coast, Russia.jpg",tree_0839.jpg,kiem duyet thu cong: khong dat tieu chi (tan bi cat / cay qua nho / nhieu cay / can canh / vat the khac)
"File:Merzhanovo, Sea of Azov, Solitary tree, Russia.jpg",tree_0840.jpg,kiem duyet thu cong: khong dat tieu chi (tan bi cat / cay qua nho / nhieu cay / can canh / vat the khac)
"File:Merzhanovo, Tethys Ocean, Russia.jpg",tree_0841.jpg,kiem duyet thu cong: khong dat tieu chi (tan bi cat / cay qua nho / nhieu cay / can canh / vat the khac)
File:Mikumi (3200315041).jpg,tree_0843.jpg,kiem duyet thu cong: khong dat tieu chi (tan bi cat / cay qua nho / nhieu cay / can canh / vat the khac)
File:Mikumi National Park (3179062711).jpg,tree_0844.jpg,kiem duyet thu cong: khong dat tieu chi (tan bi cat / cay qua nho / nhieu cay / can canh / vat the khac)
File:Mikumi National Park (3186898980).jpg,tree_0845.jpg,kiem duyet thu cong: khong dat tieu chi (tan bi cat / cay qua nho / nhieu cay / can canh / vat the khac)
File:Mikumi camp (3195407823).jpg,tree_0846.jpg,kiem duyet thu cong: khong dat tieu chi (tan bi cat / cay qua nho / nhieu cay / can canh / vat the khac)
File:Mor Gabriel Manastırı 4.jpg,tree_0848.jpg,kiem duyet thu cong: khong dat tieu chi (tan bi cat / cay qua nho / nhieu cay / can canh / vat the khac)
"File:Morscher Baumstamm im Gurieb, Simplon Namibia (2017).jpg",tree_0851.jpg,kiem duyet thu cong: khong dat tieu chi (tan bi cat / cay qua nho / nhieu cay / can canh / vat the khac)
File:Moynamoti-2.jpg,tree_0852.jpg,kiem duyet thu cong: khong dat tieu chi (tan bi cat / cay qua nho / nhieu cay / can canh / vat the khac)
File:Museo de Bellas Artes - Caracas.JPG,tree_0855.jpg,kiem duyet thu cong: khong dat tieu chi (tan bi cat / cay qua nho / nhieu cay / can canh / vat the khac)
File:Museum of Folk Architecture and Ethnography in Pyrohiv - 2017.jpg,tree_0856.jpg,kiem duyet thu cong: khong dat tieu chi (tan bi cat / cay qua nho / nhieu cay / can canh / vat the khac)
"File:Mwiri Hill, Kakira 04.jpg",tree_0857.jpg,kiem duyet thu cong: khong dat tieu chi (tan bi cat / cay qua nho / nhieu cay / can canh / vat the khac)
File:My flashlight.jpg,tree_0858.jpg,kiem duyet thu cong: khong dat tieu chi (tan bi cat / cay qua nho / nhieu cay / can canh / vat the khac)
File:MİYAZAKİ PARKI 1.jpg,tree_0860.jpg,kiem duyet thu cong: khong dat tieu chi (tan bi cat / cay qua nho / nhieu cay / can canh / vat the khac)
File:MİYAZAKİ PARKI 2.jpg,tree_0861.jpg,kiem duyet thu cong: khong dat tieu chi (tan bi cat / cay qua nho / nhieu cay / can canh / vat the khac)
File:MİYAZAKİ PARKI 6.jpg,tree_0862.jpg,kiem duyet thu cong: khong dat tieu chi (tan bi cat / cay qua nho / nhieu cay / can canh / vat the khac)
File:Naturaleza-.jpg,tree_0869.jpg,kiem duyet thu cong: khong dat tieu chi (tan bi cat / cay qua nho / nhieu cay / can canh / vat the khac)
File:Neuhausen - Rhein IMG 3720.jpg,tree_0875.jpg,kiem duyet thu cong: khong dat tieu chi (tan bi cat / cay qua nho / nhieu cay / can canh / vat the khac)
"File:Niger, Niamey, Dunes (13), lonely tree.jpg",tree_0880.jpg,kiem duyet thu cong: khong dat tieu chi (tan bi cat / cay qua nho / nhieu cay / can canh / vat the khac)
"File:Niger, Niamey, Dunes (18), lonely tree in wadi.jpg",tree_0881.jpg,kiem duyet thu cong: khong dat tieu chi (tan bi cat / cay qua nho / nhieu cay / can canh / vat the khac)
"File:Niger, Niamey, Dunes (23), lonely tree in dry wadi.jpg",tree_0882.jpg,kiem duyet thu cong: khong dat tieu chi (tan bi cat / cay qua nho / nhieu cay / can canh / vat the khac)
File:Oak decorated for wedding in Latvia.jpg,tree_0888.jpg,kiem duyet thu cong: khong dat tieu chi (tan bi cat / cay qua nho / nhieu cay / can canh / vat the khac)
File:Ocumare de la costa estado aragua 3.jpg,tree_0890.jpg,kiem duyet thu cong: khong dat tieu chi (tan bi cat / cay qua nho / nhieu cay / can canh / vat the khac)
File:Ocumare de la costa estado aragua.jpg,tree_0891.jpg,kiem duyet thu cong: khong dat tieu chi (tan bi cat / cay qua nho / nhieu cay / can canh / vat the khac)
File:Old Lady of Mirovica.jpg,tree_0895.jpg,kiem duyet thu cong: khong dat tieu chi (tan bi cat / cay qua nho / nhieu cay / can canh / vat the khac)
File:Old fig tree.JPG,tree_0896.jpg,kiem duyet thu cong: khong dat tieu chi (tan bi cat / cay qua nho / nhieu cay / can canh / vat the khac)
File:Overzicht - Beek - 20028891 - RCE.jpg,tree_0904.jpg,kiem duyet thu cong: khong dat tieu chi (tan bi cat / cay qua nho / nhieu cay / can canh / vat the khac)
File:Pacara Segurola.JPG,tree_0907.jpg,kiem duyet thu cong: khong dat tieu chi (tan bi cat / cay qua nho / nhieu cay / can canh / vat the khac)
File:Palacio de Claveria o del Norte.JPG,tree_0910.jpg,kiem duyet thu cong: khong dat tieu chi (tan bi cat / cay qua nho / nhieu cay / can canh / vat the khac)
"File:Pantai Wataboo, Osolata, East Timor (310354363).jpg",tree_0912.jpg,kiem duyet thu cong: khong dat tieu chi (tan bi cat / cay qua nho / nhieu cay / can canh / vat the khac)
"File:Parque eólico de Torre Madrina, Batea, 03.jpg",tree_0915.jpg,kiem duyet thu cong: khong dat tieu chi (tan bi cat / cay qua nho / nhieu cay / can canh / vat the khac)
File:People in Tanzania 0297 cropped Nevit.jpg,tree_0916.jpg,kiem duyet thu cong: khong dat tieu chi (tan bi cat / cay qua nho / nhieu cay / can canh / vat the khac)
File:People in Tanzania 0301 cropped Nevit.jpg,tree_0917.jpg,kiem duyet thu cong: khong dat tieu chi (tan bi cat / cay qua nho / nhieu cay / can canh / vat the khac)
File:People in Tanzania 3811 Nevit.jpg,tree_0918.jpg,kiem duyet thu cong: khong dat tieu chi (tan bi cat / cay qua nho / nhieu cay / can canh / vat the khac)
File:Pidhaitsi jewishcem3.jpg,tree_0924.jpg,kiem duyet thu cong: khong dat tieu chi (tan bi cat / cay qua nho / nhieu cay / can canh / vat the khac)
File:Pidkamin-11069854.jpg,tree_0925.jpg,kiem duyet thu cong: khong dat tieu chi (tan bi cat / cay qua nho / nhieu cay / can canh / vat the khac)
File:Pidkamin-11069857.jpg,tree_0926.jpg,kiem duyet thu cong: khong dat tieu chi (tan bi cat / cay qua nho / nhieu cay / can canh / vat the khac)
"File:Platano secolare nel presssi del castello San Martino della Vaneza (San Martino, Cervarese Santa Croce).jpg",tree_0935.jpg,kiem duyet thu cong: khong dat tieu chi (tan bi cat / cay qua nho / nhieu cay / can canh / vat the khac)
File:Puu3.JPG,tree_0945.jpg,kiem duyet thu cong: khong dat tieu chi (tan bi cat / cay qua nho / nhieu cay / can canh / vat the khac)
File:Pza Fte Dorada.jpg,tree_0947.jpg,kiem duyet thu cong: khong dat tieu chi (tan bi cat / cay qua nho / nhieu cay / can canh / vat the khac)
File:Quiver Trees Bloedkoppe Namibia (148493289).jpeg,tree_0949.jpg,kiem duyet thu cong: khong dat tieu chi (tan bi cat / cay qua nho / nhieu cay / can canh / vat the khac)
File:Rebollu de Bermiegu.JPG,tree_0950.jpg,kiem duyet thu cong: khong dat tieu chi (tan bi cat / cay qua nho / nhieu cay / can canh / vat the khac)
File:Rehnice naves.jpg,tree_0951.jpg,kiem duyet thu cong: khong dat tieu chi (tan bi cat / cay qua nho / nhieu cay / can canh / vat the khac)
"File:Revbyntsi, Cherkas'ka oblast, Ukraine, 19943 - panoramio (37).jpg",tree_0953.jpg,kiem duyet thu cong: khong dat tieu chi (tan bi cat / cay qua nho / nhieu cay / can canh / vat the khac)
File:Rhone-Ebene zwischen Fully und Saxon.JPG,tree_0954.jpg,kiem duyet thu cong: khong dat tieu chi (tan bi cat / cay qua nho / nhieu cay / can canh / vat the khac)
File:Samotne drzewo. Lonely tree. - panoramio.jpg,tree_0965.jpg,kiem duyet thu cong: khong dat tieu chi (tan bi cat / cay qua nho / nhieu cay / can canh / vat the khac)
File:San Giacomo di Brentonico - Prato.jpg,tree_0966.jpg,kiem duyet thu cong: khong dat tieu chi (tan bi cat / cay qua nho / nhieu cay / can canh / vat the khac)
File:San Martín de Montalbán (2006) 02.jpg,tree_0967.jpg,kiem duyet thu cong: khong dat tieu chi (tan bi cat / cay qua nho / nhieu cay / can canh / vat the khac)
File:Santo-island-living-4.jpg,tree_0968.jpg,kiem duyet thu cong: khong dat tieu chi (tan bi cat / cay qua nho / nhieu cay / can canh / vat the khac)
File:Savica Waterfall.jpg,tree_0973.jpg,kiem duyet thu cong: khong dat tieu chi (tan bi cat / cay qua nho / nhieu cay / can canh / vat the khac)
